{"v":"5.5.7","meta":{"g":"LottieFiles AE 0.1.20","a":"","k":"","d":"","tc":""},"fr":25,"ip":0,"op":125,"w":300,"h":300,"nm":"Filling Coffee","ddd":0,"assets":[],"layers":[{"ddd":0,"ind":1,"ty":4,"nm":"line3","sr":1,"ks":{"o":{"a":1,"k":[{"i":{"x":[0.667],"y":[0.479]},"o":{"x":[0.333],"y":[0]},"t":89,"s":[0]},{"i":{"x":[0.667],"y":[1]},"o":{"x":[0.333],"y":[-0.618]},"t":105,"s":[43.587]},{"t":124,"s":[0]}],"ix":11},"r":{"a":0,"k":0,"ix":10},"p":{"a":1,"k":[{"i":{"x":0.699,"y":0},"o":{"x":0.333,"y":0},"t":89,"s":[168.277,101.125,0],"to":[0,0,0],"ti":[0,0,0]},{"i":{"x":0.667,"y":1},"o":{"x":0.328,"y":1},"t":105,"s":[168.277,92.93,0],"to":[0,0,0],"ti":[0,0,0]},{"t":124,"s":[168.277,82.325,0]}],"ix":2},"a":{"a":0,"k":[24.453,56.077,0],"ix":1},"s":{"a":1,"k":[{"i":{"x":[0.833,0.833,0.833],"y":[0.833,0.833,0.833]},"o":{"x":[0.167,0.167,0.167],"y":[0.167,0.167,0.167]},"t":89,"s":[34.334,30.55,100]},{"i":{"x":[0.833,0.833,0.833],"y":[0.833,0.833,0.833]},"o":{"x":[0.167,0.167,0.167],"y":[0.167,0.167,0.167]},"t":113,"s":[23.524,30.55,100]},{"i":{"x":[0.833,0.833,0.833],"y":[0.833,0.833,0.833]},"o":{"x":[0.167,0.167,0.167],"y":[0.167,0.167,0.167]},"t":138,"s":[34.334,30.55,100]},{"i":{"x":[0.833,0.833,0.833],"y":[0.833,0.833,0.833]},"o":{"x":[0.167,0.167,0.167],"y":[0.167,0.167,0.167]},"t":164,"s":[23.524,30.55,100]},{"t":189,"s":[34.334,30.55,100]}],"ix":6}},"ao":0,"shapes":[{"ty":"gr","it":[{"ind":0,"ty":"sh","ix":1,"ks":{"a":0,"k":{"i":[[42.211,43.558],[19.005,-34.843],[0,0]],"o":[[0,0],[-19.005,34.842],[-11.358,-40.699]],"v":[[-9.227,-55.827],[-13.979,1.188],[-17.146,55.827]],"c":true},"ix":2},"nm":"Path 1","mn":"ADBE Vector Shape - Group","hd":false},{"ty":"fl","c":{"a":0,"k":[0.658823529412,0.396078461292,0.321568627451,1],"ix":4},"o":{"a":0,"k":100,"ix":5},"r":1,"bm":0,"nm":"Fill 1","mn":"ADBE Vector Graphic - Fill","hd":false},{"ty":"tr","p":{"a":0,"k":[33.233,56.077],"ix":2},"a":{"a":0,"k":[0,0],"ix":1},"s":{"a":0,"k":[100,100],"ix":3},"r":{"a":0,"k":0,"ix":6},"o":{"a":0,"k":100,"ix":7},"sk":{"a":0,"k":0,"ix":4},"sa":{"a":0,"k":0,"ix":5},"nm":"Transform"}],"nm":"Group 1","np":2,"cix":2,"bm":0,"ix":1,"mn":"ADBE Vector Group","hd":false}],"ip":89,"op":124,"st":89,"bm":0},{"ddd":0,"ind":2,"ty":4,"nm":"line2","sr":1,"ks":{"o":{"a":1,"k":[{"i":{"x":[0.667],"y":[0.479]},"o":{"x":[0.333],"y":[0]},"t":85,"s":[0]},{"i":{"x":[0.667],"y":[1]},"o":{"x":[0.333],"y":[-0.618]},"t":101,"s":[43.587]},{"t":120,"s":[0]}],"ix":11},"r":{"a":0,"k":0,"ix":10},"p":{"a":1,"k":[{"i":{"x":0.699,"y":0},"o":{"x":0.333,"y":0},"t":85,"s":[129.823,92.876,0],"to":[0,0,0],"ti":[0,0,0]},{"i":{"x":0.667,"y":1},"o":{"x":0.328,"y":1},"t":101,"s":[129.823,84.681,0],"to":[0,0,0],"ti":[0,0,0]},{"t":120,"s":[129.823,74.076,0]}],"ix":2},"a":{"a":0,"k":[24.453,56.077,0],"ix":1},"s":{"a":1,"k":[{"i":{"x":[0.833,0.833,0.833],"y":[0.833,0.833,0.833]},"o":{"x":[0.167,0.167,0.167],"y":[0.167,0.167,0.167]},"t":85,"s":[34.334,30.55,100]},{"i":{"x":[0.833,0.833,0.833],"y":[0.833,0.833,0.833]},"o":{"x":[0.167,0.167,0.167],"y":[0.167,0.167,0.167]},"t":109,"s":[23.524,30.55,100]},{"i":{"x":[0.833,0.833,0.833],"y":[0.833,0.833,0.833]},"o":{"x":[0.167,0.167,0.167],"y":[0.167,0.167,0.167]},"t":134,"s":[34.334,30.55,100]},{"i":{"x":[0.833,0.833,0.833],"y":[0.833,0.833,0.833]},"o":{"x":[0.167,0.167,0.167],"y":[0.167,0.167,0.167]},"t":160,"s":[23.524,30.55,100]},{"t":185,"s":[34.334,30.55,100]}],"ix":6}},"ao":0,"shapes":[{"ty":"gr","it":[{"ind":0,"ty":"sh","ix":1,"ks":{"a":0,"k":{"i":[[42.211,43.558],[19.005,-34.843],[0,0]],"o":[[0,0],[-19.005,34.842],[-11.358,-40.699]],"v":[[-9.227,-55.827],[-13.979,1.188],[-17.146,55.827]],"c":true},"ix":2},"nm":"Path 1","mn":"ADBE Vector Shape - Group","hd":false},{"ty":"fl","c":{"a":0,"k":[0.658823529412,0.396078461292,0.321568627451,1],"ix":4},"o":{"a":0,"k":100,"ix":5},"r":1,"bm":0,"nm":"Fill 1","mn":"ADBE Vector Graphic - Fill","hd":false},{"ty":"tr","p":{"a":0,"k":[33.233,56.077],"ix":2},"a":{"a":0,"k":[0,0],"ix":1},"s":{"a":0,"k":[100,100],"ix":3},"r":{"a":0,"k":0,"ix":6},"o":{"a":0,"k":100,"ix":7},"sk":{"a":0,"k":0,"ix":4},"sa":{"a":0,"k":0,"ix":5},"nm":"Transform"}],"nm":"Group 1","np":2,"cix":2,"bm":0,"ix":1,"mn":"ADBE Vector Group","hd":false}],"ip":85,"op":123,"st":85,"bm":0},{"ddd":0,"ind":3,"ty":4,"nm":"line1","sr":1,"ks":{"o":{"a":1,"k":[{"i":{"x":[0.667],"y":[0.479]},"o":{"x":[0.333],"y":[0]},"t":82,"s":[0]},{"i":{"x":[0.667],"y":[1]},"o":{"x":[0.333],"y":[-0.618]},"t":98,"s":[43.587]},{"t":117,"s":[0]}],"ix":11},"r":{"a":0,"k":0,"ix":10},"p":{"a":1,"k":[{"i":{"x":0.699,"y":0},"o":{"x":0.333,"y":0},"t":82,"s":[149.311,92.876,0],"to":[0,0,0],"ti":[0,0,0]},{"i":{"x":0.667,"y":1},"o":{"x":0.328,"y":1},"t":98,"s":[149.311,84.681,0],"to":[0,0,0],"ti":[0,0,0]},{"t":117,"s":[149.311,74.076,0]}],"ix":2},"a":{"a":0,"k":[24.453,56.077,0],"ix":1},"s":{"a":1,"k":[{"i":{"x":[0.833,0.833,0.833],"y":[0.833,0.833,0.833]},"o":{"x":[0.167,0.167,0.167],"y":[0.167,0.167,0.167]},"t":82,"s":[47,47,100]},{"i":{"x":[0.833,0.833,0.833],"y":[0.833,0.833,0.833]},"o":{"x":[0.167,0.167,0.167],"y":[0.167,0.167,0.167]},"t":106,"s":[36.19,47,100]},{"i":{"x":[0.833,0.833,0.833],"y":[0.833,0.833,0.833]},"o":{"x":[0.167,0.167,0.167],"y":[0.167,0.167,0.167]},"t":131,"s":[47,47,100]},{"i":{"x":[0.833,0.833,0.833],"y":[0.833,0.833,0.833]},"o":{"x":[0.167,0.167,0.167],"y":[0.167,0.167,0.167]},"t":157,"s":[36.19,47,100]},{"t":182,"s":[47,47,100]}],"ix":6}},"ao":0,"shapes":[{"ty":"gr","it":[{"ind":0,"ty":"sh","ix":1,"ks":{"a":0,"k":{"i":[[42.211,43.558],[19.005,-34.843],[0,0]],"o":[[0,0],[-19.005,34.842],[-11.358,-40.699]],"v":[[-9.227,-55.827],[-13.979,1.188],[-17.146,55.827]],"c":true},"ix":2},"nm":"Path 1","mn":"ADBE Vector Shape - Group","hd":false},{"ty":"fl","c":{"a":0,"k":[0.658823529412,0.396078461292,0.321568627451,1],"ix":4},"o":{"a":0,"k":100,"ix":5},"r":1,"bm":0,"nm":"Fill 1","mn":"ADBE Vector Graphic - Fill","hd":false},{"ty":"tr","p":{"a":0,"k":[33.233,56.077],"ix":2},"a":{"a":0,"k":[0,0],"ix":1},"s":{"a":0,"k":[100,100],"ix":3},"r":{"a":0,"k":0,"ix":6},"o":{"a":0,"k":100,"ix":7},"sk":{"a":0,"k":0,"ix":4},"sa":{"a":0,"k":0,"ix":5},"nm":"Transform"}],"nm":"Group 1","np":2,"cix":2,"bm":0,"ix":1,"mn":"ADBE Vector Group","hd":false}],"ip":82,"op":121,"st":82,"bm":0},{"ddd":0,"ind":4,"ty":4,"nm":"line3","sr":1,"ks":{"o":{"a":1,"k":[{"i":{"x":[0.667],"y":[0.479]},"o":{"x":[0.333],"y":[0]},"t":40,"s":[0]},{"i":{"x":[0.667],"y":[1]},"o":{"x":[0.333],"y":[-0.618]},"t":56,"s":[43.587]},{"t":75,"s":[0]}],"ix":11},"r":{"a":0,"k":0,"ix":10},"p":{"a":1,"k":[{"i":{"x":0.699,"y":0},"o":{"x":0.333,"y":0},"t":40,"s":[168.277,101.125,0],"to":[0,0,0],"ti":[0,0,0]},{"i":{"x":0.667,"y":1},"o":{"x":0.328,"y":1},"t":56,"s":[168.277,92.93,0],"to":[0,0,0],"ti":[0,0,0]},{"t":75,"s":[168.277,82.325,0]}],"ix":2},"a":{"a":0,"k":[24.453,56.077,0],"ix":1},"s":{"a":1,"k":[{"i":{"x":[0.833,0.833,0.833],"y":[0.833,0.833,0.833]},"o":{"x":[0.167,0.167,0.167],"y":[0.167,0.167,0.167]},"t":40,"s":[34.334,30.55,100]},{"i":{"x":[0.833,0.833,0.833],"y":[0.833,0.833,0.833]},"o":{"x":[0.167,0.167,0.167],"y":[0.167,0.167,0.167]},"t":64,"s":[23.524,30.55,100]},{"i":{"x":[0.833,0.833,0.833],"y":[0.833,0.833,0.833]},"o":{"x":[0.167,0.167,0.167],"y":[0.167,0.167,0.167]},"t":89,"s":[34.334,30.55,100]},{"i":{"x":[0.833,0.833,0.833],"y":[0.833,0.833,0.833]},"o":{"x":[0.167,0.167,0.167],"y":[0.167,0.167,0.167]},"t":115,"s":[23.524,30.55,100]},{"t":140,"s":[34.334,30.55,100]}],"ix":6}},"ao":0,"shapes":[{"ty":"gr","it":[{"ind":0,"ty":"sh","ix":1,"ks":{"a":0,"k":{"i":[[42.211,43.558],[19.005,-34.843],[0,0]],"o":[[0,0],[-19.005,34.842],[-11.358,-40.699]],"v":[[-9.227,-55.827],[-13.979,1.188],[-17.146,55.827]],"c":true},"ix":2},"nm":"Path 1","mn":"ADBE Vector Shape - Group","hd":false},{"ty":"fl","c":{"a":0,"k":[0.658823529412,0.396078461292,0.321568627451,1],"ix":4},"o":{"a":0,"k":100,"ix":5},"r":1,"bm":0,"nm":"Fill 1","mn":"ADBE Vector Graphic - Fill","hd":false},{"ty":"tr","p":{"a":0,"k":[33.233,56.077],"ix":2},"a":{"a":0,"k":[0,0],"ix":1},"s":{"a":0,"k":[100,100],"ix":3},"r":{"a":0,"k":0,"ix":6},"o":{"a":0,"k":100,"ix":7},"sk":{"a":0,"k":0,"ix":4},"sa":{"a":0,"k":0,"ix":5},"nm":"Transform"}],"nm":"Group 1","np":2,"cix":2,"bm":0,"ix":1,"mn":"ADBE Vector Group","hd":false}],"ip":40,"op":78,"st":40,"bm":0},{"ddd":0,"ind":5,"ty":4,"nm":"line2","sr":1,"ks":{"o":{"a":1,"k":[{"i":{"x":[0.667],"y":[0.479]},"o":{"x":[0.333],"y":[0]},"t":36,"s":[0]},{"i":{"x":[0.667],"y":[1]},"o":{"x":[0.333],"y":[-0.618]},"t":52,"s":[43.587]},{"t":71,"s":[0]}],"ix":11},"r":{"a":0,"k":0,"ix":10},"p":{"a":1,"k":[{"i":{"x":0.699,"y":0},"o":{"x":0.333,"y":0},"t":36,"s":[129.823,92.876,0],"to":[0,0,0],"ti":[0,0,0]},{"i":{"x":0.667,"y":1},"o":{"x":0.328,"y":1},"t":52,"s":[129.823,84.681,0],"to":[0,0,0],"ti":[0,0,0]},{"t":71,"s":[129.823,74.076,0]}],"ix":2},"a":{"a":0,"k":[24.453,56.077,0],"ix":1},"s":{"a":1,"k":[{"i":{"x":[0.833,0.833,0.833],"y":[0.833,0.833,0.833]},"o":{"x":[0.167,0.167,0.167],"y":[0.167,0.167,0.167]},"t":36,"s":[34.334,30.55,100]},{"i":{"x":[0.833,0.833,0.833],"y":[0.833,0.833,0.833]},"o":{"x":[0.167,0.167,0.167],"y":[0.167,0.167,0.167]},"t":60,"s":[23.524,30.55,100]},{"i":{"x":[0.833,0.833,0.833],"y":[0.833,0.833,0.833]},"o":{"x":[0.167,0.167,0.167],"y":[0.167,0.167,0.167]},"t":85,"s":[34.334,30.55,100]},{"i":{"x":[0.833,0.833,0.833],"y":[0.833,0.833,0.833]},"o":{"x":[0.167,0.167,0.167],"y":[0.167,0.167,0.167]},"t":111,"s":[23.524,30.55,100]},{"t":136,"s":[34.334,30.55,100]}],"ix":6}},"ao":0,"shapes":[{"ty":"gr","it":[{"ind":0,"ty":"sh","ix":1,"ks":{"a":0,"k":{"i":[[42.211,43.558],[19.005,-34.843],[0,0]],"o":[[0,0],[-19.005,34.842],[-11.358,-40.699]],"v":[[-9.227,-55.827],[-13.979,1.188],[-17.146,55.827]],"c":true},"ix":2},"nm":"Path 1","mn":"ADBE Vector Shape - Group","hd":false},{"ty":"fl","c":{"a":0,"k":[0.658823529412,0.396078461292,0.321568627451,1],"ix":4},"o":{"a":0,"k":100,"ix":5},"r":1,"bm":0,"nm":"Fill 1","mn":"ADBE Vector Graphic - Fill","hd":false},{"ty":"tr","p":{"a":0,"k":[33.233,56.077],"ix":2},"a":{"a":0,"k":[0,0],"ix":1},"s":{"a":0,"k":[100,100],"ix":3},"r":{"a":0,"k":0,"ix":6},"o":{"a":0,"k":100,"ix":7},"sk":{"a":0,"k":0,"ix":4},"sa":{"a":0,"k":0,"ix":5},"nm":"Transform"}],"nm":"Group 1","np":2,"cix":2,"bm":0,"ix":1,"mn":"ADBE Vector Group","hd":false}],"ip":36,"op":74,"st":36,"bm":0},{"ddd":0,"ind":6,"ty":4,"nm":"line","sr":1,"ks":{"o":{"a":1,"k":[{"i":{"x":[0.667],"y":[0.479]},"o":{"x":[0.333],"y":[0]},"t":33,"s":[0]},{"i":{"x":[0.667],"y":[1]},"o":{"x":[0.333],"y":[-0.618]},"t":49,"s":[43.587]},{"t":68,"s":[0]}],"ix":11},"r":{"a":0,"k":0,"ix":10},"p":{"a":1,"k":[{"i":{"x":0.699,"y":0},"o":{"x":0.333,"y":0},"t":33,"s":[149.311,92.876,0],"to":[0,0,0],"ti":[0,0,0]},{"i":{"x":0.667,"y":1},"o":{"x":0.328,"y":1},"t":49,"s":[149.311,84.681,0],"to":[0,0,0],"ti":[0,0,0]},{"t":68,"s":[149.311,74.076,0]}],"ix":2},"a":{"a":0,"k":[24.453,56.077,0],"ix":1},"s":{"a":1,"k":[{"i":{"x":[0.833,0.833,0.833],"y":[0.833,0.833,0.833]},"o":{"x":[0.167,0.167,0.167],"y":[0.167,0.167,0.167]},"t":33,"s":[47,47,100]},{"i":{"x":[0.833,0.833,0.833],"y":[0.833,0.833,0.833]},"o":{"x":[0.167,0.167,0.167],"y":[0.167,0.167,0.167]},"t":57,"s":[36.19,47,100]},{"i":{"x":[0.833,0.833,0.833],"y":[0.833,0.833,0.833]},"o":{"x":[0.167,0.167,0.167],"y":[0.167,0.167,0.167]},"t":82,"s":[47,47,100]},{"i":{"x":[0.833,0.833,0.833],"y":[0.833,0.833,0.833]},"o":{"x":[0.167,0.167,0.167],"y":[0.167,0.167,0.167]},"t":108,"s":[36.19,47,100]},{"t":133,"s":[47,47,100]}],"ix":6}},"ao":0,"shapes":[{"ty":"gr","it":[{"ind":0,"ty":"sh","ix":1,"ks":{"a":0,"k":{"i":[[42.211,43.558],[19.005,-34.843],[0,0]],"o":[[0,0],[-19.005,34.842],[-11.358,-40.699]],"v":[[-9.227,-55.827],[-13.979,1.188],[-17.146,55.827]],"c":true},"ix":2},"nm":"Path 1","mn":"ADBE Vector Shape - Group","hd":false},{"ty":"fl","c":{"a":0,"k":[0.658823529412,0.396078461292,0.321568627451,1],"ix":4},"o":{"a":0,"k":100,"ix":5},"r":1,"bm":0,"nm":"Fill 1","mn":"ADBE Vector Graphic - Fill","hd":false},{"ty":"tr","p":{"a":0,"k":[33.233,56.077],"ix":2},"a":{"a":0,"k":[0,0],"ix":1},"s":{"a":0,"k":[100,100],"ix":3},"r":{"a":0,"k":0,"ix":6},"o":{"a":0,"k":100,"ix":7},"sk":{"a":0,"k":0,"ix":4},"sa":{"a":0,"k":0,"ix":5},"nm":"Transform"}],"nm":"Group 1","np":2,"cix":2,"bm":0,"ix":1,"mn":"ADBE Vector Group","hd":false}],"ip":33,"op":72,"st":33,"bm":0},{"ddd":0,"ind":7,"ty":4,"nm":"cup","sr":1,"ks":{"o":{"a":0,"k":100,"ix":11},"r":{"a":0,"k":0,"ix":10},"p":{"a":0,"k":[158.875,155.733,0],"ix":2},"a":{"a":0,"k":[130.311,95.563,0],"ix":1},"s":{"a":0,"k":[47,47,100],"ix":6}},"ao":0,"shapes":[{"ty":"gr","it":[{"ind":0,"ty":"sh","ix":1,"ks":{"a":0,"k":{"i":[[12.155,0.974],[0.332,-4.235],[-4.235,-0.332],[-5.237,-5.68],[0,-8.293],[5.729,-5.729],[8.743,0],[0.645,0.046],[0.715,0.102],[0.597,-4.201],[-4.202,-0.598],[-1.094,-0.077],[-1.022,0],[-8.515,8.516],[0,12.995],[7.735,8.389]],"o":[[-4.236,-0.333],[-0.333,4.236],[8.172,0.655],[5.196,5.634],[0,8.744],[-5.729,5.729],[-0.867,0],[-0.78,-0.054],[-4.202,-0.598],[-0.599,4.202],[1.122,0.159],[1.211,0.085],[12.993,0],[8.516,-8.516],[0,-12.288],[-7.798,-8.457]],"v":[[-12.838,-46.812],[-21.109,-39.745],[-14.042,-31.474],[6.661,-21.381],[15.031,0.086],[5.759,22.474],[-16.628,31.747],[-18.896,31.677],[-21.14,31.441],[-29.831,37.967],[-23.305,46.66],[-19.979,47.016],[-16.628,47.145],[16.646,33.361],[30.43,0.086],[17.97,-31.787]],"c":true},"ix":2},"nm":"Path 1","mn":"ADBE Vector Shape - Group","hd":false},{"ty":"fl","c":{"a":0,"k":[0.658823549747,0.396078437567,0.321568638086,1],"ix":4},"o":{"a":0,"k":100,"ix":5},"r":1,"bm":0,"nm":"Fill 1","mn":"ADBE Vector Graphic - Fill","hd":false},{"ty":"tr","p":{"a":0,"k":[229.943,57.907],"ix":2},"a":{"a":0,"k":[0,0],"ix":1},"s":{"a":0,"k":[100,100],"ix":3},"r":{"a":0,"k":0,"ix":6},"o":{"a":0,"k":100,"ix":7},"sk":{"a":0,"k":0,"ix":4},"sa":{"a":0,"k":0,"ix":5},"nm":"Transform"}],"nm":"Group 1","np":2,"cix":2,"bm":0,"ix":1,"mn":"ADBE Vector Group","hd":false},{"ty":"gr","it":[{"ind":0,"ty":"sh","ix":1,"ks":{"a":0,"k":{"i":[[0,0],[0,0],[0,0],[-59.441,0],[0,0],[0,59.44]],"o":[[0,0],[0,0],[0,59.44],[0,0],[59.44,0],[0,0]],"v":[[108.075,-95.313],[-108.075,-95.313],[-108.075,-12.76],[-0.001,95.313],[0,95.313],[108.075,-12.76]],"c":true},"ix":2},"nm":"Path 1","mn":"ADBE Vector Shape - Group","hd":false},{"ind":1,"ty":"sh","ix":2,"ks":{"a":0,"k":{"i":[[0,0],[0,0],[17.451,-17.45],[24.474,0],[17.45,17.451],[0,24.474],[0,0]],"o":[[0,0],[0,24.474],[-17.45,17.451],[-24.474,0],[-17.451,-17.45],[0,0],[0,0]],"v":[[92.075,-79.313],[92.075,-12.76],[65.014,52.251],[-0.001,79.313],[-65.014,52.251],[-92.075,-12.76],[-92.075,-79.313]],"c":true},"ix":2},"nm":"Path 2","mn":"ADBE Vector Shape - Group","hd":false},{"ty":"fl","c":{"a":0,"k":[0.658823549747,0.396078437567,0.321568638086,1],"ix":4},"o":{"a":0,"k":100,"ix":5},"r":1,"bm":0,"nm":"Fill 1","mn":"ADBE Vector Graphic - Fill","hd":false},{"ty":"tr","p":{"a":0,"k":[108.324,95.562],"ix":2},"a":{"a":0,"k":[0,0],"ix":1},"s":{"a":0,"k":[100,100],"ix":3},"r":{"a":0,"k":0,"ix":6},"o":{"a":0,"k":100,"ix":7},"sk":{"a":0,"k":0,"ix":4},"sa":{"a":0,"k":0,"ix":5},"nm":"Transform"}],"nm":"Group 2","np":3,"cix":2,"bm":0,"ix":2,"mn":"ADBE Vector Group","hd":false}],"ip":0,"op":125,"st":0,"bm":0},{"ddd":0,"ind":8,"ty":4,"nm":"base","sr":1,"ks":{"o":{"a":0,"k":100,"ix":11},"r":{"a":0,"k":0,"ix":10},"p":{"a":0,"k":[148.541,203.812,0],"ix":2},"a":{"a":0,"k":[51.296,13.624,0],"ix":1},"s":{"a":0,"k":[47,47,100],"ix":6}},"ao":0,"shapes":[{"ty":"gr","it":[{"ind":0,"ty":"sh","ix":1,"ks":{"a":0,"k":{"i":[[-15.375,7.773],[0,0],[7.89,0],[0,0],[0,7.89],[0,0],[-18.326,0]],"o":[[0,0],[0,7.89],[0,0],[-7.89,0],[0,0],[15.375,7.773],[18.325,0]],"v":[[51.046,-13.374],[51.046,-0.971],[36.701,13.374],[-36.701,13.374],[-51.046,-0.971],[-51.046,-13.374],[0,-1.209]],"c":true},"ix":2},"nm":"Path 1","mn":"ADBE Vector Shape - Group","hd":false},{"ty":"fl","c":{"a":0,"k":[0.658823549747,0.396078437567,0.321568638086,1],"ix":4},"o":{"a":0,"k":100,"ix":5},"r":1,"bm":0,"nm":"Fill 1","mn":"ADBE Vector Graphic - Fill","hd":false},{"ty":"tr","p":{"a":0,"k":[51.296,13.624],"ix":2},"a":{"a":0,"k":[0,0],"ix":1},"s":{"a":0,"k":[100,100],"ix":3},"r":{"a":0,"k":0,"ix":6},"o":{"a":0,"k":100,"ix":7},"sk":{"a":0,"k":0,"ix":4},"sa":{"a":0,"k":0,"ix":5},"nm":"Transform"}],"nm":"Group 1","np":2,"cix":2,"bm":0,"ix":1,"mn":"ADBE Vector Group","hd":false}],"ip":0,"op":125,"st":0,"bm":0},{"ddd":0,"ind":9,"ty":4,"nm":"cupMask","td":1,"sr":1,"ks":{"o":{"a":0,"k":100,"ix":11},"r":{"a":0,"k":0,"ix":10},"p":{"a":0,"k":[148,155.532,0],"ix":2},"a":{"a":0,"k":[-2,5.532,0],"ix":1},"s":{"a":0,"k":[100,100,100],"ix":6}},"ao":0,"shapes":[{"ty":"gr","it":[{"ind":0,"ty":"sh","ix":1,"ks":{"a":0,"k":{"i":[[0,0],[0,0],[-1,-3],[-43,-2],[0,0]],"o":[[0,0],[0,0],[1,3],[43,2],[0,0]],"v":[[45,-36],[-49.25,-36],[-47.5,8],[-1,47],[46,3.5]],"c":true},"ix":2},"nm":"Path 1","mn":"ADBE Vector Shape - Group","hd":false},{"ty":"fl","c":{"a":0,"k":[1,0.974256089154,0.270588205375,1],"ix":4},"o":{"a":0,"k":100,"ix":5},"r":1,"bm":0,"nm":"Fill 1","mn":"ADBE Vector Graphic - Fill","hd":false},{"ty":"tr","p":{"a":0,"k":[0,0],"ix":2},"a":{"a":0,"k":[0,0],"ix":1},"s":{"a":0,"k":[100,100],"ix":3},"r":{"a":0,"k":0,"ix":6},"o":{"a":0,"k":100,"ix":7},"sk":{"a":0,"k":0,"ix":4},"sa":{"a":0,"k":0,"ix":5},"nm":"Transform"}],"nm":"Shape 1","np":3,"cix":2,"bm":0,"ix":1,"mn":"ADBE Vector Group","hd":false}],"ip":0,"op":125,"st":0,"bm":0},{"ddd":0,"ind":10,"ty":4,"nm":"fill 2","tt":1,"sr":1,"ks":{"o":{"a":0,"k":100,"ix":11},"r":{"a":0,"k":0,"ix":10},"p":{"a":1,"k":[{"i":{"x":0.667,"y":1},"o":{"x":0.333,"y":0},"t":0,"s":[146.777,246.771,0],"to":[0,0,0],"ti":[0,0,0]},{"t":100,"s":[146.777,181.771,0]}],"ix":2},"a":{"a":0,"k":[103.777,91.271,0],"ix":1},"s":{"a":0,"k":[167,100,100],"ix":6}},"ao":0,"shapes":[{"ty":"gr","it":[{"ind":0,"ty":"sh","ix":1,"ks":{"a":1,"k":[{"i":{"x":0.833,"y":0.833},"o":{"x":0.167,"y":0.167},"t":19,"s":[{"i":[[-3.771,0.997],[0,0],[0,0],[0,0],[-5.681,-0.247]],"o":[[7.25,-1.916],[0,0],[0,0],[0,0],[6.159,0.268]],"v":[[16.375,-51.875],[22.375,-33.5],[-9.625,-34.5],[-11.25,-51.875],[-0.879,-51.187]],"c":true}]},{"i":{"x":0.833,"y":0.833},"o":{"x":0.167,"y":0.167},"t":28,"s":[{"i":[[-3.771,0.997],[0,0],[0,0],[0,0],[-5.621,0.142]],"o":[[7.25,-1.916],[0,0],[0,0],[0,0],[6.094,-0.154]],"v":[[17,-43.75],[23,-26],[-9,-27],[-10.375,-42.125],[-0.121,-42.2]],"c":true}]},{"i":{"x":0.833,"y":0.833},"o":{"x":0.167,"y":0.167},"t":33,"s":[{"i":[[-8.193,2.306],[0,0],[0,0],[0,0],[-9.464,-0.662]],"o":[[7.218,-2.032],[0,0],[0,0],[0,0],[10.261,0.718]],"v":[[26.125,-47.625],[23,-26],[-9,-27],[-21.875,-48],[-4.987,-46.231]],"c":true}]},{"i":{"x":0.833,"y":0.833},"o":{"x":0.167,"y":0.167},"t":39,"s":[{"i":[[-8.193,2.306],[0,0],[0,0],[-6.04,0.153],[-8.185,-1.935]],"o":[[7.218,-2.032],[0,0],[0,0],[33.886,-0.856],[8.874,2.098]],"v":[[38.25,-50.875],[23.875,-15.75],[-14.75,-19.625],[-36.75,-55.75],[20.33,-52.562]],"c":true}]},{"i":{"x":0.833,"y":0.833},"o":{"x":0.167,"y":0.167},"t":44,"s":[{"i":[[-8.193,2.306],[0,0],[0,0],[-5.94,1.105],[-10.703,-1.657]],"o":[[7.218,-2.032],[0,0],[0,0],[29.028,-5.401],[11.604,1.796]],"v":[[45,-52.5],[21.375,-3],[-13.5,-4.375],[-35.875,-51.875],[20.02,-54.96]],"c":true}]},{"i":{"x":0.833,"y":0.833},"o":{"x":0.167,"y":0.167},"t":50,"s":[{"i":[[-8.258,2.325],[0,0],[0,0],[-5.9,1.291],[-15.518,-0.26]],"o":[[7.218,-2.032],[0,0],[0,0],[14.525,-0.274],[13.301,-0.649]],"v":[[47.8,-49.2],[20.175,4.2],[-12.45,2.525],[-42.025,-50.225],[6.699,-46.6]],"c":true}]},{"i":{"x":0.833,"y":0.833},"o":{"x":0.167,"y":0.167},"t":54,"s":[{"i":[[-8.302,2.337],[0,0],[0,0],[-5.874,1.415],[-18.729,0.671]],"o":[[7.218,-2.032],[0,0],[0,0],[9.045,-2.178],[15.016,-0.538]],"v":[[50.5,-52],[19.375,9],[-11.75,7.125],[-46.125,-49.125],[1.984,-45.194]],"c":true}]},{"i":{"x":0.833,"y":0.833},"o":{"x":0.167,"y":0.167},"t":58,"s":[{"i":[[-12.75,-0.53],[0,0],[0,0],[-5.874,1.415],[-18.729,0.671]],"o":[[7.492,0.312],[0,0],[0,0],[9.045,-2.178],[15.016,-0.538]],"v":[[50.25,-56.5],[43.125,10],[-11.75,7.125],[-46.125,-49.125],[4.234,-49.944]],"c":true}]},{"i":{"x":0.833,"y":0.833},"o":{"x":0.167,"y":0.167},"t":63,"s":[{"i":[[-12.75,-0.53],[0,0],[0,0],[-6.009,0.629],[-26.734,-0.541]],"o":[[7.492,0.312],[0,0],[0,0],[15.375,-1.609],[15.022,0.304]],"v":[[50.25,-56.5],[43.125,10],[-25.75,24.375],[-45.375,-45.875],[6.734,-56.944]],"c":true}]},{"i":{"x":0.833,"y":0.833},"o":{"x":0.167,"y":0.167},"t":69,"s":[{"i":[[-27,-0.379],[0,0],[0,0],[-6.039,0.157],[-26.734,-0.541]],"o":[[7.498,0.105],[0,0],[0,0],[19.375,-0.504],[15.022,0.304]],"v":[[52.75,-48.5],[41.625,24.5],[-25.75,24.375],[-46.625,-50.625],[3.984,-55.694]],"c":true}]},{"i":{"x":0.833,"y":0.833},"o":{"x":0.167,"y":0.167},"t":75,"s":[{"i":[[-27,-0.379],[0,0],[0,0],[-6.039,0.157],[-26.734,-0.541]],"o":[[7.498,0.105],[0,0],[0,0],[19.375,-0.504],[15.022,0.304]],"v":[[53.75,-43.25],[40.875,37.25],[-31.5,36.125],[-47.375,-49.375],[4.234,-54.944]],"c":true}]},{"i":{"x":0.833,"y":0.833},"o":{"x":0.167,"y":0.167},"t":83,"s":[{"i":[[-27,-0.379],[0,0],[0,0],[-6.039,0.157],[-26.734,-0.541]],"o":[[7.498,0.105],[0,0],[0,0],[19.375,-0.504],[15.022,0.304]],"v":[[69.25,-55.5],[40.875,37.25],[-31.5,36.125],[-52.375,-51.625],[4.234,-54.944]],"c":true}]},{"t":100,"s":[{"i":[[-27,-0.379],[0,0],[0,0],[-6.039,0.157],[-26.734,-0.541]],"o":[[7.498,0.105],[0,0],[0,0],[19.375,-0.504],[15.022,0.304]],"v":[[69.25,-55.5],[41.375,43],[-33.5,46.875],[-52.375,-51.625],[4.234,-54.944]],"c":true}]}],"ix":2},"nm":"Path 1","mn":"ADBE Vector Shape - Group","hd":false},{"ty":"fl","c":{"a":0,"k":[0.403921598547,0.196078446332,0.145098039216,1],"ix":4},"o":{"a":0,"k":100,"ix":5},"r":1,"bm":0,"nm":"Fill 1","mn":"ADBE Vector Graphic - Fill","hd":false},{"ty":"tr","p":{"a":0,"k":[103,92],"ix":2},"a":{"a":0,"k":[0,0],"ix":1},"s":{"a":0,"k":[100,100],"ix":3},"r":{"a":0,"k":0,"ix":6},"o":{"a":0,"k":100,"ix":7},"sk":{"a":0,"k":0,"ix":4},"sa":{"a":0,"k":0,"ix":5},"nm":"Transform"}],"nm":"Rectangle 1","np":3,"cix":2,"bm":0,"ix":1,"mn":"ADBE Vector Group","hd":false}],"ip":0,"op":125,"st":0,"bm":0}],"markers":[]}