{
  "syntax": "0.1.0",
  "engine": {
    "kind": "PISA",
    "flags": []
  },
  "elements": [
    {
      "ptr": 0,
      "kind": "constant",
      "data": {
        "type": "u64",
        "value": "0x032710"
      }
    },
    {
      "ptr": 1,
      "kind": "constant",
      "data": {
        "type": "i64",
        "value": "0x030e10"
      }
    },
    {
      "ptr": 2,
      "kind": "constant",
      "data": {
        "type": "string",
        "value": "0x06496e76616c69642053656e6465722041646472657373"
      }
    },
    {
      "ptr": 3,
      "kind": "constant",
      "data": {
        "type": "string",
        "value": "0x06496e76616c696420526563697069656e742041646472657373"
      }
    },
    {
      "ptr": 4,
      "kind": "constant",
      "data": {
        "type": "string",
        "value": "0x06496e73756666696369656e742042616c616e6365"
      }
    },
    {
      "ptr": 5,
      "kind": "constant",
      "data": {
        "type": "string",
        "value": "0x06496e76616c69642052656365697665722041646472657373"
      }
    },
    {
      "ptr": 6,
      "kind": "constant",
      "data": {
        "type": "string",
        "value": "0x06496e76616c6964205370656e6465722041646472657373"
      }
    },
    {
      "ptr": 7,
      "kind": "constant",
      "data": {
        "type": "string",
        "value": "0x06496e73756666696369656e7420616c6c6f77616e636573"
      }
    },
    {
      "ptr": 8,
      "kind": "constant",
      "data": {
        "type": "string",
        "value": "0x064e65787420436c61696d206174207b6e657874436c61696d735b616464726573735d7d"
      }
    },
    {
      "ptr": 9,
      "kind": "typedef",
      "data": "map[address]u64"
    },
    {
      "ptr": 10,
      "kind": "typedef",
      "data": "map[address]map[address]u64"
    },
    {
      "ptr": 11,
      "kind": "typedef",
      "data": "map[address]i64"
    },
    {
      "ptr": 12,
      "kind": "state",
      "data": {
        "kind": "persistent",
        "fields": [
          {
            "slot": 0,
            "label": "name",
            "type": "string"
          },
          {
            "slot": 1,
            "label": "symbol",
            "type": "string"
          },
          {
            "slot": 2,
            "label": "decimals",
            "type": "u64"
          },
          {
            "slot": 3,
            "label": "totalSupply",
            "type": "u64"
          },
          {
            "slot": 4,
            "label": "balanceOf",
            "type": "map[address]u64"
          },
          {
            "slot": 5,
            "label": "allowances",
            "type": "map[address]map[address]u64"
          },
          {
            "slot": 6,
            "label": "nextClaims",
            "type": "map[address]i64"
          }
        ]
      }
    },
    {
      "ptr": 13,
      "deps": [
        15,
        12
      ],
      "kind": "routine",
      "data": {
        "name": "Init!",
        "kind": "deployer",
        "accepts": [
          {
            "slot": 0,
            "label": "name",
            "type": "string"
          },
          {
            "slot": 1,
            "label": "symbol",
            "type": "string"
          },
          {
            "slot": 2,
            "label": "decimals",
            "type": "u64"
          },
          {
            "slot": 3,
            "label": "totalSupply",
            "type": "u64"
          }
        ],
        "returns": [],
        "executes": {
          "bin": [
            4,
            0,
            0,
            129,
            0,
            0,
            4,
            0,
            1,
            129,
            0,
            1,
            4,
            0,
            2,
            129,
            0,
            2,
            10,
            0,
            115,
            1,
            73,
            1,
            1,
            82,
            0,
            0,
            1,
            4,
            1,
            3,
            82,
            0,
            1,
            1,
            17,
            1,
            15,
            12,
            0,
            1,
            0
          ]
        }
      }
    },
    {
      "ptr": 14,
      "deps": [
        2,
        3,
        4,
        12
      ],
      "kind": "routine",
      "data": {
        "name": "transfer!",
        "kind": "local",
        "accepts": [
          {
            "slot": 0,
            "label": "from",
            "type": "address"
          },
          {
            "slot": 1,
            "label": "to",
            "type": "address"
          },
          {
            "slot": 2,
            "label": "value",
            "type": "u64"
          }
        ],
        "returns": [],
        "executes": {
          "bin": [
            4,
            0,
            0,
            41,
            1,
            4,
            70,
            1,
            0,
            1,
            98,
            1,
            1,
            17,
            2,
            9,
            3,
            2,
            1,
            17,
            1,
            2,
            16,
            1,
            1,
            65,
            1,
            1,
            4,
            1,
            1,
            41,
            2,
            4,
            70,
            2,
            1,
            2,
            98,
            2,
            2,
            17,
            3,
            19,
            3,
            3,
            2,
            17,
            2,
            3,
            16,
            2,
            2,
            65,
            2,
            1,
            128,
            2,
            4,
            83,
            3,
            2,
            0,
            4,
            4,
            2,
            68,
            3,
            3,
            4,
            98,
            3,
            3,
            17,
            5,
            30,
            3,
            5,
            3,
            17,
            3,
            4,
            16,
            3,
            3,
            65,
            3,
            1,
            83,
            3,
            2,
            0,
            102,
            3,
            3,
            4,
            84,
            2,
            0,
            3,
            83,
            0,
            2,
            1,
            101,
            0,
            0,
            4,
            84,
            2,
            1,
            0,
            129,
            2,
            4
          ]
        }
      }
    },
    {
      "ptr": 15,
      "deps": [
        5,
        12
      ],
      "kind": "routine",
      "data": {
        "name": "mint!",
        "kind": "local",
        "accepts": [
          {
            "slot": 0,
            "label": "account",
            "type": "address"
          },
          {
            "slot": 1,
            "label": "value",
            "type": "u64"
          }
        ],
        "returns": [],
        "executes": {
          "bin": [
            4,
            0,
            0,
            41,
            1,
            4,
            70,
            1,
            0,
            1,
            98,
            1,
            1,
            17,
            2,
            9,
            3,
            2,
            1,
            17,
            1,
            5,
            16,
            1,
            1,
            65,
            1,
            1,
            128,
            1,
            3,
            4,
            2,
            1,
            101,
            2,
            1,
            2,
            36,
            1,
            2,
            129,
            1,
            3,
            128,
            1,
            4,
            83,
            2,
            1,
            0,
            4,
            3,
            1,
            101,
            2,
            2,
            3,
            84,
            1,
            0,
            2,
            129,
            1,
            4
          ]
        }
      }
    },
    {
      "ptr": 16,
      "deps": [
        2,
        12
      ],
      "kind": "routine",
      "data": {
        "name": "burn!",
        "kind": "local",
        "accepts": [
          {
            "slot": 0,
            "label": "account",
            "type": "address"
          },
          {
            "slot": 1,
            "label": "value",
            "type": "u64"
          }
        ],
        "returns": [],
        "executes": {
          "bin": [
            4,
            0,
            0,
            41,
            1,
            4,
            70,
            1,
            0,
            1,
            98,
            1,
            1,
            17,
            2,
            9,
            3,
            2,
            1,
            17,
            1,
            2,
            16,
            1,
            1,
            65,
            1,
            1,
            128,
            1,
            3,
            4,
            2,
            1,
            102,
            2,
            1,
            2,
            36,
            1,
            2,
            129,
            1,
            3,
            128,
            1,
            4,
            83,
            2,
            1,
            0,
            4,
            3,
            1,
            102,
            2,
            2,
            3,
            84,
            1,
            0,
            2,
            129,
            1,
            4
          ]
        }
      }
    },
    {
      "ptr": 17,
      "deps": [
        14,
        12
      ],
      "kind": "routine",
      "data": {
        "name": "Transfer!",
        "kind": "invokable",
        "accepts": [
          {
            "slot": 0,
            "label": "to",
            "type": "address"
          },
          {
            "slot": 1,
            "label": "value",
            "type": "u64"
          }
        ],
        "returns": [],
        "executes": {
          "bin": [
            10,
            0,
            115,
            1,
            73,
            1,
            1,
            82,
            0,
            0,
            1,
            4,
            1,
            0,
            82,
            0,
            1,
            1,
            4,
            1,
            1,
            82,
            0,
            2,
            1,
            17,
            1,
            14,
            12,
            0,
            1,
            0
          ]
        }
      }
    },
    {
      "ptr": 18,
      "deps": [
        6,
        12
      ],
      "kind": "routine",
      "data": {
        "name": "Approve!",
        "kind": "invokable",
        "accepts": [
          {
            "slot": 0,
            "label": "spender",
            "type": "address"
          },
          {
            "slot": 1,
            "label": "value",
            "type": "u64"
          }
        ],
        "returns": [],
        "executes": {
          "bin": [
            4,
            0,
            0,
            41,
            1,
            4,
            70,
            1,
            0,
            1,
            98,
            1,
            1,
            17,
            2,
            9,
            3,
            2,
            1,
            17,
            1,
            6,
            16,
            1,
            1,
            65,
            1,
            1,
            115,
            1,
            73,
            1,
            1,
            128,
            2,
            5,
            4,
            3,
            1,
            83,
            4,
            2,
            1,
            84,
            4,
            0,
            3,
            84,
            2,
            1,
            4,
            129,
            2,
            5
          ]
        }
      }
    },
    {
      "ptr": 19,
      "deps": [
        7,
        14,
        12
      ],
      "kind": "routine",
      "data": {
        "name": "TransferFrom!",
        "kind": "invokable",
        "accepts": [
          {
            "slot": 0,
            "label": "from",
            "type": "address"
          },
          {
            "slot": 1,
            "label": "to",
            "type": "address"
          },
          {
            "slot": 2,
            "label": "value",
            "type": "u64"
          }
        ],
        "returns": [],
        "executes": {
          "bin": [
            115,
            0,
            73,
            0,
            0,
            128,
            1,
            5,
            4,
            2,
            0,
            83,
            3,
            1,
            2,
            83,
            3,
            3,
            0,
            4,
            4,
            2,
            68,
            3,
            3,
            4,
            98,
            3,
            3,
            17,
            5,
            14,
            3,
            5,
            3,
            17,
            3,
            7,
            16,
            3,
            3,
            65,
            3,
            1,
            83,
            3,
            1,
            2,
            83,
            3,
            3,
            0,
            102,
            3,
            3,
            4,
            83,
            4,
            1,
            2,
            84,
            4,
            0,
            3,
            84,
            1,
            2,
            4,
            129,
            1,
            5,
            10,
            0,
            4,
            1,
            0,
            82,
            0,
            0,
            1,
            4,
            1,
            1,
            82,
            0,
            1,
            1,
            4,
            1,
            2,
            82,
            0,
            2,
            1,
            17,
            1,
            14,
            12,
            0,
            1,
            0
          ]
        }
      }
    },
    {
      "ptr": 20,
      "deps": [
        8,
        15,
        12
      ],
      "kind": "routine",
      "data": {
        "name": "Claim!",
        "kind": "invokable",
        "accepts": [],
        "returns": [],
        "executes": {
          "bin": [
            115,
            0,
            73,
            0,
            0,
            128,
            1,
            6,
            83,
            1,
            1,
            0,
            113,
            2,
            10,
            3,
            82,
            3,
            0,
            2,
            10,
            2,
            13,
            2,
            16,
            3,
            81,
            3,
            2,
            0,
            69,
            1,
            1,
            3,
            98,
            1,
            1,
            17,
            2,
            17,
            3,
            2,
            1,
            17,
            1,
            8,
            16,
            1,
            1,
            65,
            1,
            1,
            10,
            1,
            82,
            1,
            0,
            0,
            17,
            2,
            0,
            16,
            2,
            2,
            82,
            1,
            1,
            2,
            17,
            2,
            15,
            12,
            1,
            2,
            1,
            128,
            1,
            6,
            113,
            2,
            10,
            3,
            82,
            3,
            0,
            2,
            10,
            2,
            13,
            2,
            16,
            3,
            81,
            3,
            2,
            0,
            17,
            2,
            1,
            16,
            2,
            2,
            101,
            2,
            3,
            2,
            84,
            1,
            0,
            2,
            129,
            1,
            6
          ]
        }
      }
    },
    {
      "ptr": 21,
      "deps": [
        12
      ],
      "kind": "routine",
      "data": {
        "name": "Name",
        "kind": "invokable",
        "accepts": [],
        "returns": [
          {
            "slot": 0,
            "label": "name",
            "type": "string"
          }
        ],
        "executes": {
          "bin": [
            128,
            0,
            0,
            5,
            0,
            0
          ]
        }
      }
    },
    {
      "ptr": 22,
      "deps": [
        12
      ],
      "kind": "routine",
      "data": {
        "name": "Symbol",
        "kind": "invokable",
        "accepts": [],
        "returns": [
          {
            "slot": 0,
            "label": "symbol",
            "type": "string"
          }
        ],
        "executes": {
          "bin": [
            128,
            0,
            1,
            5,
            0,
            0
          ]
        }
      }
    },
    {
      "ptr": 23,
      "deps": [
        12
      ],
      "kind": "routine",
      "data": {
        "name": "Decimals",
        "kind": "invokable",
        "accepts": [],
        "returns": [
          {
            "slot": 0,
            "label": "decimals",
            "type": "u64"
          }
        ],
        "executes": {
          "bin": [
            128,
            0,
            2,
            5,
            0,
            0
          ]
        }
      }
    },
    {
      "ptr": 24,
      "deps": [
        12
      ],
      "kind": "routine",
      "data": {
        "name": "TotalSupply",
        "kind": "invokable",
        "accepts": [],
        "returns": [
          {
            "slot": 0,
            "label": "totalSupply",
            "type": "u64"
          }
        ],
        "executes": {
          "bin": [
            128,
            0,
            3,
            5,
            0,
            0
          ]
        }
      }
    },
    {
      "ptr": 25,
      "kind": "routine",
      "data": {
        "name": "ClaimAmount",
        "kind": "invokable",
        "accepts": [],
        "returns": [
          {
            "slot": 0,
            "label": "claimAmount",
            "type": "u64"
          }
        ],
        "executes": {
          "bin": [
            17,
            0,
            0,
            16,
            0,
            0,
            5,
            0,
            0
          ]
        }
      }
    },
    {
      "ptr": 26,
      "kind": "routine",
      "data": {
        "name": "ClaimInterval",
        "kind": "invokable",
        "accepts": [],
        "returns": [
          {
            "slot": 0,
            "label": "claimInterval",
            "type": "i64"
          }
        ],
        "executes": {
          "bin": [
            17,
            0,
            1,
            16,
            0,
            0,
            5,
            0,
            0
          ]
        }
      }
    },
    {
      "ptr": 27,
      "deps": [
        12
      ],
      "kind": "routine",
      "data": {
        "name": "NextClaim",
        "kind": "invokable",
        "accepts": [
          {
            "slot": 0,
            "label": "account",
            "type": "address"
          }
        ],
        "returns": [
          {
            "slot": 0,
            "label": "nextClaim",
            "type": "i64"
          }
        ],
        "executes": {
          "bin": [
            128,
            0,
            6,
            4,
            1,
            0,
            83,
            0,
            0,
            1,
            5,
            0,
            0
          ]
        }
      }
    },
    {
      "ptr": 28,
      "deps": [
        12
      ],
      "kind": "routine",
      "data": {
        "name": "BalanceOf",
        "kind": "invokable",
        "accepts": [
          {
            "slot": 0,
            "label": "account",
            "type": "address"
          }
        ],
        "returns": [
          {
            "slot": 0,
            "label": "balance",
            "type": "u64"
          }
        ],
        "executes": {
          "bin": [
            128,
            0,
            4,
            4,
            1,
            0,
            83,
            0,
            0,
            1,
            5,
            0,
            0
          ]
        }
      }
    },
    {
      "ptr": 29,
      "deps": [
        12
      ],
      "kind": "routine",
      "data": {
        "name": "Allowances",
        "kind": "invokable",
        "accepts": [
          {
            "slot": 0,
            "label": "owner",
            "type": "address"
          },
          {
            "slot": 1,
            "label": "spender",
            "type": "address"
          }
        ],
        "returns": [
          {
            "slot": 0,
            "label": "allowance",
            "type": "u64"
          }
        ],
        "executes": {
          "bin": [
            128,
            0,
            5,
            4,
            1,
            0,
            83,
            0,
            0,
            1,
            4,
            1,
            1,
            83,
            0,
            0,
            1,
            5,
            0,
            0
          ]
        }
      }
    }
  ]
}